,product_id,product_url
1,https://i.pinimg.com/564x/ef/95/3c/ef953c8168c3802720928cf1ca1e1557.jpg
1,https://i.pinimg.com/474x/da/36/e0/da36e0d8b33b11bdfe5d9f247b33c2a4.jpg
2,https://i.pinimg.com/564x/87/d2/93/87d29375ff7bbee9ab94ede41534de93.jpg
2,https://i.pinimg.com/474x/09/af/e6/09afe63df8cade1ca9efe6fecf4c0564.jpg
3,https://i.pinimg.com/474x/9d/84/e8/9d84e8d525a291e1c9a1651c87f271dc.jpg
3,https://i.pinimg.com/474x/47/db/f2/47dbf213b833064592fc33b7f49ca31e.jpg
4,https://i.pinimg.com/474x/d8/09/d0/d809d0da1272ec4018fb257a2f686065.jpg
4,https://i.pinimg.com/474x/cd/d7/28/cdd728a906af314d0674650ac04f12e3.jpg
5,https://i.pinimg.com/474x/b8/b9/59/b8b959bbda71d1452338695a3a8ce539.jpg
5,https://i.pinimg.com/474x/f9/f8/5c/f9f85cbac40c6ece87d5d59aa5afdf01.jpg
6,https://i.pinimg.com/474x/5e/31/6f/5e316f562a56268530fd067bf77fd8bb.jpg
6,https://i.pinimg.com/474x/07/65/41/0765419e37052c0fd05fbff88c5a18bf.jpg
7,https://i.pinimg.com/474x/10/ca/31/10ca3179876d2a7570e542ecbdd14980.jpg
7,https://i.pinimg.com/474x/70/dd/32/70dd32ee365ad8f0b2795c67e97f8170.jpg
8,https://i.pinimg.com/474x/67/d1/78/67d17852cc768ca777ffcdb83fd42e5f.jpg
8,https://i.pinimg.com/474x/4c/30/da/4c30da6928baa246d727767fd66b4337.jpg
9,https://i.pinimg.com/474x/81/81/b9/8181b9796d51091e05be208c5d7d05be.jpg
9,https://i.pinimg.com/474x/f2/f9/b1/f2f9b13b2c7d09825e9039d6ed2749e5.jpg
10,https://i.pinimg.com/474x/77/50/f3/7750f3ada41391666a5a19e759948a6c.jpg
10,https://i.pinimg.com/474x/a6/bf/3e/a6bf3e4884af7cb051fde1f306ef6708.jpg
11,https://i.pinimg.com/474x/4f/1e/e0/4f1ee0a8b89f36d949985cde394a7a54.jpg
11,https://i.pinimg.com/474x/7c/f6/1f/7cf61f9a00953b95705a529d0d349bda.jpg
12,https://i.pinimg.com/474x/eb/3a/e4/eb3ae41ba1662661fdc5c136166ad55a.jpg
12,https://i.pinimg.com/474x/9b/d7/db/9bd7db0f0a0cbf27726ef9105582f16a.jpg
13,https://i.pinimg.com/474x/53/23/fb/5323fb95b42a4597cad154ecc334f489.jpg
13,https://i.pinimg.com/474x/9a/fd/fe/9afdfe0fcab8ab3dd818998d6368f469.jpg
14,https://i.pinimg.com/474x/35/93/23/359323516a65a0e262e6b6c9db776d35.jpg
14,https://i.pinimg.com/474x/e9/d7/c3/e9d7c3ccd7a32489936831a48c8069c1.jpg
15,https://i.pinimg.com/474x/8f/74/71/8f7471de4d46af7163e7784313ae87ee.jpg
15,https://i.pinimg.com/474x/87/f0/50/87f0502ff2f9f18770091593dc5741f9.jpg
16,https://i.pinimg.com/474x/c4/71/d9/c471d9a1cbcd1597a22299690c16f5ab.jpg
16,https://i.pinimg.com/474x/e5/92/b5/e592b503c0a6d448875c4c62c1e251e0.jpg
17,https://i.pinimg.com/474x/97/5b/3f/975b3f6ce02337113fee2534fa621248.jpg
17,https://i.pinimg.com/474x/06/42/9c/06429c2ea6160e4e4f503f6a6265f863.jpg
18,https://i.pinimg.com/564x/49/d0/c5/49d0c5f8811375711b4d99bbff19860f.jpg
18,https://i.pinimg.com/564x/54/d5/7d/54d57d77daeb460af319b5f3c0e63288.jpg
19,https://i.pinimg.com/564x/ba/6b/cb/ba6bcbb47ac7c636b70fada067f4ac9b.jpg
19,https://i.pinimg.com/564x/83/15/66/83156663e6420808fbd7d350e3585b72.jpg
20,https://i.pinimg.com/736x/6f/b8/1d/6fb81d53eef77c148edebffca6f778fe.jpg
20,https://i.pinimg.com/564x/28/2b/6b/282b6bf9ef34143f741a02c763fa1812.jpg
21,https://i.pinimg.com/564x/96/ba/26/96ba267fc3cfdee968ac74874b8ee42b.jpg
21,https://i.pinimg.com/564x/23/81/b0/2381b0a23a35af9ff92a6849b9676eb5.jpg
22,https://i.pinimg.com/564x/75/02/db/7502dba0736d3fee2414ff3222f3ffaf.jpg
22,https://i.pinimg.com/564x/cc/70/bf/cc70bff9054c082554bfd7d4a1e462a5.jpg
23,https://i.pinimg.com/736x/2b/f4/dc/2bf4dc0769a7750c20fa65a20f8efd10.jpg
23,https://i.pinimg.com/564x/cd/93/21/cd9321d627aa5e5fd8691cc0cbedf3e1.jpg
24,https://i.pinimg.com/736x/a7/2e/a6/a72ea6859c0cd63f65c1056116562a6b.jpg
24,https://i.pinimg.com/564x/c1/dd/3d/c1dd3d3fe3c7b9c24d8362bfadb4004a.jpg
25,https://images.unsplash.com/photo-1436565079298-1b29be0341b9?ixlib=rb-1.2.1&ixid=MnwxMjA3fDB8MHxzZWFyY2h8MTN8fGFsbW9uZCUyMGNvb2tpZXxlbnwwfHwwfHw%3D&auto=format&fit=crop&w=800&q=60
25,https://images.unsplash.com/photo-1593759608179-014a7dec4e7f?ixlib=rb-1.2.1&ixid=MnwxMjA3fDB8MHxzZWFyY2h8M3x8YWxtb25kJTIwY29va2llfGVufDB8fDB8fA%3D%3D&auto=format&fit=crop&w=800&q=60
26,https://images.unsplash.com/photo-1529800762245-2edb94c697f4?ixlib=rb-1.2.1&ixid=MnwxMjA3fDB8MHxzZWFyY2h8Nnx8Y2hvY29jaGlwJTIwY29va2llc3xlbnwwfHwwfHw%3D&auto=format&fit=crop&w=800&q=60
26,https://images.unsplash.com/photo-1531262560270-f9e59c908896?ixlib=rb-1.2.1&ixid=MnwxMjA3fDB8MHxzZWFyY2h8N3x8Y2hvY29jaGlwJTIwY29va2llc3xlbnwwfHwwfHw%3D&auto=format&fit=crop&w=800&q=60
27,https://images.unsplash.com/photo-1590194360930-4866613967b0?ixlib=rb-1.2.1&ixid=MnwxMjA3fDB8MHxzZWFyY2h8Mnx8c2Vhc2FtZSUyMGNvb2tpZXxlbnwwfHwwfHw%3D&auto=format&fit=crop&w=800&q=60
27,https://images.unsplash.com/photo-1504624182560-38adb60ff7a4?ixlib=rb-1.2.1&ixid=MnwxMjA3fDB8MHxzZWFyY2h8NXx8c2Vhc2FtZSUyMGNvb2tpZXxlbnwwfHwwfHw%3D&auto=format&fit=crop&w=800&q=60
28,https://i.pinimg.com/474x/e4/71/10/e47110b0edd65def5131692816fb306e.jpg
28,https://i.pinimg.com/474x/53/ca/d2/53cad25c96bca6962ae411e90e6deff9.jpg
29,https://i.pinimg.com/474x/a1/5d/91/a15d911bf159ea50cbdcd479aef534c1.jpg
29,https://i.pinimg.com/474x/e0/f5/8c/e0f58cd69c1eacc0b227a9262275c8ed.jpg
30,https://i.pinimg.com/474x/b8/23/37/b82337bb70e5c1ff160e007cd667596d.jpg
30,https://i.pinimg.com/474x/15/7f/57/157f573b61f4b314c0412c279e9c26d4.jpg
31,https://i.pinimg.com/474x/d8/5b/a3/d85ba35455ea2df3b1562c07b9296851.jpg
31,https://i.pinimg.com/474x/6f/84/fd/6f84fdd354094345d8a7f16dce1dae1c.jpg
32,https://i.pinimg.com/474x/37/ef/33/37ef334cf592ab09fdce82cc839faba8.jpg
32,https://i.pinimg.com/736x/b8/c4/6a/b8c46aa1984f083809bb7e200be4e092.jpg
33,https://i.pinimg.com/474x/aa/3d/10/aa3d10697a16f7ffbf22883868f69a1e.jpg
33,https://i.pinimg.com/474x/8c/45/6b/8c456b3c4ca1462f34ccf89a2db6f093.jpg
34,https://i.pinimg.com/474x/e5/a8/ad/e5a8ad535af8feeed42507ed572f7c71.jpg
34,https://i.pinimg.com/474x/78/d4/15/78d415f0f7e28d925beeb5b13e4d71e8.jpg
35,https://i.pinimg.com/474x/fb/41/f0/fb41f021b4737a1b016a5e3cbde18281.jpg
35,https://i.pinimg.com/474x/8d/7f/e8/8d7fe8cba95708d1d2f5baa236e7cbc1.jpg
36,https://i.pinimg.com/474x/d8/ba/fd/d8bafd77e0351119ff0707596f588ae8.jpg 
36,https://i.pinimg.com/474x/6d/c6/bf/6dc6bfb510a01da82cde700abe7d3c33.jpg
37,https://i.pinimg.com/474x/e0/b0/66/e0b066b07701f19a1fa5c05968cb0260.jpg
37,https://i.pinimg.com/474x/d1/7f/01/d17f01a87df4f8ee633985af054ec643.jpg
38,https://i.pinimg.com/474x/12/45/00/124500c8574e4b3ac1655fe44758a139.jpg
38,https://i.pinimg.com/474x/28/09/fb/2809fbf0f17791b40e955c268295387b.jpg
39,https://i.pinimg.com/736x/b3/10/88/b310882146899a92ad7e3e3074ae264e.jpg
39,https://i.pinimg.com/474x/00/1e/d4/001ed43eed46ebb854a984cb5187078a.jpg
40,https://i.pinimg.com/474x/18/fd/d2/18fdd2357e7bc7b183394654fa57d3ea.jpg
40,https://i.pinimg.com/474x/04/55/30/045530b5c1232a20bb4d0c84566094f6.jpg